name,email,room_no,room_parsed,building,position,department
Md. Anwarul Kabir,kabir@aiub.edu,DNO -216,DNO216,D - Building,Associate Professor,Department of Computer Science
Mashiour Rahman,mashiour@aiub.edu,DNGA05,DNGA05,D - Building,Senior Associate Professor,Department of Computer Science
Salma Begom,salma@aiub.edu,817,817,D - Building,Senior Assistant Professor,Department of Natural Science [Physics]
Dr. Mohammed Jashim Uddin,drjashim@aiub.edu,1122,1122,Annex - 1,Professor,Department of Mathematics
Prof. Dr. Kh. Abdul Maleque,maleque@aiub.edu,DN0915,DN0915,D - Building,Professor,Department of Mathematics
Dr. Sarfuddin Ahmed Tarek,satarek@aiub.edu,DN0722,DN0722,D - Building,Professor,Department of Natural Science [Physics]
Dr. Afroza Nahar,afroza@aiub.edu,DN0113,DN0113,D - Building,Professor,Department of Computer Science
Dr. S. A. M. Manzur H. Khan,manzur@aiub.edu,C,,C - Building,Professor,Department of Computer Science
Dr. Farzana Sabeth,fsabeth@aiub.edu,DN0721,DN0721,D - Building,Associate Professor,Department of Natural Science [Physics]
Dr. S. Mosaddeq Ahmed,smahmed@aiub.edu,DN0816,DN0816,D - Building,Professor,Department of Natural Science [Chemistry]
Danilo G. Morgia,danny@aiub.edu,VUES,,D - Building,Senior Assistant Professor,Department of Computer Science
Dr. Rezaul K. Siddique,siddiquerk@aiub.edu,827,827,D - Building,Professor,Department of Natural Science [Physics]
Prof. Dr. Dip Nandi,dip.nandi@aiub.edu,,,,Professor,Department of Computer Science
Md. Manirul Islam,manirul@aiub.edu,6104,6104,Annex - 6,Associate Professor,Department of Computer Science
Dr. Md. Saiful Islam,sislam@aiub.edu,DN0825,DN0825,D - Building,Associate Professor,Department of Natural Science [Physics]
Dr. Md. Habib Ullah,habib583@aiub.edu,DN0819,DN0819,D - Building,Professor,Department of Natural Science [Physics]
Dr. Madhabi Islam,drmadhabi@aiub.edu,DN0927E,DN0927E,D - Building,Professor,Department of Mathematics
Dr. Nusrat Jahan,njahan@aiub.edu,9410F,9410F,Annex - 9,Associate Professor,Department of Natural Science [Physics]
Dr. Nahar Sultana,nahar@aiub.edu,DN0116,DN0116,D - Building,Associate Professor,Department of Computer Science
Dr. Abhijit Bhowmik,abhijit@aiub.edu,DNGA11,DNGA11,D - Building,Associate Professor,Department of Computer Science
Prof. Dr. Md. Rafiqul Islam,dmri@aiub.edu,DN215,DN215,D - Building,Professor,Department of Computer Science
Dr. Fatema Tuz Zohra,fatema@aiub.edu,0917,0917,D - Building,Associate Professor,Department of Mathematics
Dr. Humayra Ferdous,hferdous@aiub.edu,DN0813,DN0813,D - Building,Associate Professor,Department of Natural Science [Physics]
Tanzia Zerin Khan,tanzia@aiub.edu,DN0919,DN0919,D - Building,Assistant Professor,Department of Mathematics
A.G.M. Zaman,agmzaman@aiub.edu,1122,1122,Annex - 1,Assistant Professor (On Study Leave),Department of Computer Science
Prodip Kumar Ghose,prodip@aiub.edu,DN0920,DN0920,D - Building,Assistant Professor,Department of Mathematics
Rezwan Ahmed,a.rezwan@aiub.edu,615,615,D - Building,Assistant Professor (On Leave),Department of Computer Science
Ayesha Siddiqua,ayesha.siddiqua@aiub.edu,DN0924,DN0924,D - Building,Assistant Professor,Department of Mathematics
Dr. Mahfuza Khatun,mahfuza@aiub.edu,DN0914,DN0914,D - Building,Associate Professor,Department of Mathematics
Dr. Khandaker Tabin Hasan,tabin@aiub.edu,1124,1124,D - Building,Professor,Department of Computer Science
Dr. Afsah Sharmin,afsah@aiub.edu,118,118,D - Building,Associate Professor,Department of Computer Science
Dr. Abdus Salam,abdus.salam@aiub.edu,9508I,9508I,Annex - 9,Associate Professor,Department of Computer Science
Rutaba Jania,rutaba@aiub.edu,DN0713,DN0713,D - Building,Assistant Professor,Department of Natural Science [Physics]
Sharfuddin Mahmood,smahmood@aiub.edu,DNGA12,DNGA12,D - Building,Assistant Professor,Department of Computer Science
Dr. Md. Saef Ullah Miah,saef@aiub.edu,6101,6101,Annex - 6,Associate Professor,Department of Computer Science
Md. Mahfuzur Rhaman,mmrhaman@aiub.edu,DN0922,DN0922,D - Building,Assistant Professor (On Study Leave),Department of Mathematics
Dr. Md. Nurul Kabir Bhuiyan,bhuiyan@aiub.edu,DN0818,DN0818,D - Building,Senior Assistant Professor,Department of Natural Science [Physics]
Dr. M. Mostafizur Rahman,mostafiz.math@aiub.edu,DN0913,DN0913,D - Building,Professor,Department of Mathematics
Shahrin Chowdhury,shahrin@aiub.edu,,,,Assistant Professor (On Study Leave),Department of Computer Science
Tohedul Islam,islamtohedul@aiub.edu,DNO121,DNO121,D - Building,Assistant Professor,Department of Computer Science
Dr. Mohammad Tariqul Islam,tariquldu@aiub.edu,DN0820,DN0820,D - Building,Associate Professor,Department of Natural Science [Chemistry]
Mohammad Samawat Ullah,samawat@aiub.edu,D316,D316,D - Building,Associate Professor (On Leave),Department of Computer Science
Dr. Md. Manzurul Hasan,manzurul@aiub.edu,DN0221,DN0221,D - Building,Associate Professor,Department of Computer Science
Dr. Mohammad Mahmudul Hasan,m.hasan@aiub.edu,1122,1122,Annex - 1,Associate Professor,Department of Computer Science
Dr. Mohammad Mahbub Rabbani,mmrabbani@aiub.edu,DN0814,DN0814,D - Building,Professor,Department of Natural Science [Chemistry]
Md. Mortuza Ahmmed,mortuza@aiub.edu,D0913,D0913,D - Building,Associate Professor,Department of Mathematics
Md. Hasibul Hasan,hasib.hasan@aiub.edu,Dn0117,DN0117,D - Building,Assistant Professor,Department of Computer Science
Dr. Akinul Islam Jony,akinul@aiub.edu,DNGA03,DNGA03,D - Building,Associate Professor (On Study Leave),Department of Computer Science
Victor Stany Rozario,stany@aiub.edu,DNGA02,DNGA02,D - Building,Assistant Professor,Department of Computer Science
Kawser Irom Rushee,rushee@aiub.edu,DN0217,DN0217,D - Building,Assistant Professor,Department of Computer Science
Roushanara Begum,roushan.begum@aiub.edu,DN0718,DN0718,D - Building,Assistant Professor,Department of Mathematics
Juena Ahmed Noshin,juena@aiub.edu,DN0616,DN0616,D - Building,Assistant Professor,Department of Computer Science
Mohaimen- Bin- Noor,mohaimen.niloy@aiub.edu,DNGA01,DNGA01,D - Building,Assistant Professor,Department of Computer Science
Zahiduddin Ahmed,zahid@aiub.edu,DN0124,DN0124,D - Building,Lecturer,Department of Computer Science
Md. Al-Amin,alamin@aiub.edu,DN109,DN109,D - Building,Assistant Professor,Department of Computer Science
Sifat Rahman Ahona,ahona@aiub.edu,D0618,D0618,D - Building,Assistant Professor,Department of Computer Science
Md. Asiful Islam,asiful.islam@aiub.edu,,,,Lecturer (On Study Leave),Department of Computer Science
Bithi Paul,bithi.paul@aiub.edu,DSO827C,DSO827C,D - Building,Assistant Professor,Department of Natural Science [Physics]
Dr. Md. Abdullah - Al - Jubair,abdullah@aiub.edu,DNGA04,DNGA04,D - Building,Associate Professor,Department of Computer Science
Rifat Tasnim Anannya,rifat.tasnim@aiub.edu,DN0218,DN0218,D - Building,Assistant Professor,Department of Computer Science
Khadiza Akter Mitu,khadiza@aiub.edu,9510E,9510E,Annex - 9,Assistant Professor,Department of Mathematics
Asma Fariha,asma.fariha@aiub.edu,,,,Lecturer (On Study Leave),Department of Computer Science
Dr. Farzana Khalil,farzana.khalil@aiub.edu,DNO815,DNO815,D - Building,Associate Professor,Department of Natural Science [Chemistry]
Dr. Ashraf Uddin,dr.ashraf@aiub.edu,9408I,9408I,Annex - 9,Assistant Professor,Department of Computer Science
Wardah Saleh,wardah@aiub.edu,DN0624,DN0624,D - Building,Assistant Professor (On Study Leave),Department of Computer Science
Fahmida Alam,fahmida@aiub.edu,,,,Lecturer (On Study Leave),Department of Computer Science
Farzana Bente Alam,farzana.alam@aiub.edu,DS0614,DS0614,D - Building,Lecturer,Department of Computer Science
Md. Kishor Morol,kishor@aiub.edu,DN0222,DN0222,D - Building,Assistant Professor (On Study Leave),Department of Computer Science
Zasmin Haque,zasmin@aiub.edu,DN0921,DN0921,D - Building,Assistant Professor,Department of Mathematics
Tanvir Ahmed,tanvir.ahmed@aiub.edu,DNGA09,DNGA09,D - Building,Assistant Professor,Department of Computer Science
Aneem Al Ahsan Rupai,aneem@aiub.edu,9408E,9408E,Annex - 9,Assistant Professor,Department of Computer Science
Sazzad Hossain,sazzad@aiub.edu,DN0219,DN0219,D - Building,Assistant Professor,Department of Computer Science
Supta Richard Philip,richard@aiub.edu,DN0626,DN0626,D - Building,Lecturer,Department of Computer Science
Dipta Justin Gomes,diptagomes@aiub.edu,9408G,9408G,Annex - 9,Assistant Professor,Department of Computer Science
Md. Siyamul Islam,siyamul@aiub.edu,DN0221,DN0221,D - Building,Assistant Professor (On Study Leave),Department of Computer Science
Dr. Md Mehedi Hasan,mmhasan@aiub.edu,DN0213,DN0213,D - Building,Assistant Professor,Department of Computer Science
Md. Mehedi Hassan Onik,mehedi.onik@aiub.edu,DN0220,DN0220,D - Building,Assistant Professor (On Study Leave),Department of Computer Science
Nazmus Sakib Shan,shan@aiub.edu,DN 625,DN625,D - Building,Lecturer,Department of Computer Science
Rashidul Hasan Nabil,rashidul@aiub.edu,DN0623,DN0623,D - Building,Lecturer (On Study Leave),Department of Computer Science
Md. Nazmul Hossain,nazmul@aiub.edu,DN0621,DN0621,D - Building,Assistant Professor (On Study Leave),Department of Computer Science
Mir Md. Kawsur,kawsur@aiub.edu,DN0617,DN0617,D - Building,Lecturer,Department of Computer Science
Rifath Mahmud,rifath.mahmud@aiub.edu,DNGA07,DNGA07,D - Building,Assistant Professor,Department of Computer Science
Kazi Sadia,kazi.sadia@aiub.edu,9508C,9508C,Annex - 9,Assistant Professor,Department of Computer Science
Syeda Anika Tasnim,anika.tasnim@aiub.edu,9508D,9508D,Annex - 9,Assistant Professor,Department of Computer Science
Md. Ismail Hossen,ismail.hossen@aiub.edu,DN0218,DN0218,D - Building,Lecturer (On Study Leave),Department of Computer Science
Dr. Shovan Kumar Kundu,shovan.kundu@aiub.edu,DN0824,DN0824,D - Building,Assistant Professor,Department of Natural Science [Physics]
Dr. Mahjabin Taskin,mtaskin@aiub.edu,DN0823,DN0823,D - Building,Assistant Professor,Department of Natural Science [Physics]
Dr. Dilruba Yasmin,dilruba.yasmin@aiub.edu,DN0918,DN0918,D - Building,Assistant Professor,Department of Mathematics
Mahfujur Rahman,mahfuj@aiub.edu,9508H,9508H,Annex - 9,Assistant Professor,Department of Computer Science
Dr. Kamruddin Md. Nur,kamruddin@aiub.edu,D0114,D0114,D - Building,Professor,Department of Computer Science
Nazia Alfaz,nazia.alfaz@aiub.edu,9508F,9508F,Annex - 9,Lecturer,Department of Computer Science
Md. Mazid-Ul-Haque,mazid@aiub.edu,9408A,9408A,Annex - 9,Assistant Professor,Department of Computer Science
Dr. M M Manjurul Islam,manjurul@aiub.edu,,,,Assistant Professor (On Leave),Department of Computer Science
Dr. Hossain Md. Shakhawat,shakhawat@aiub.edu,614,614,D - Building,Assistant Professor (On Leave),Department of Computer Science
Anjir Ahmed Chowdhury,anjir@aiub.edu,DN0227,DN0227,D - Building,Lecturer (On Study Leave),Department of Computer Science
Argho Das,argho@aiub.edu,127 D,127D,D - Building,Lecturer (On Study Leave),Department of Computer Science
Md Sajid Bin-Faisal,sajid@aiub.edu,9508E,9508E,D - Building,Assistant Professor,Department of Computer Science
Dr. Mohammad Anisur Rahman Jamil,anisur.jamil@aiub.edu,DN0821,DN0821,D - Building,Assistant Professor,Department of Natural Science [Chemistry]
Dr. Saiful Islam,saiful@aiub.edu,DN0822,DN0822,D - Building,Assistant Professor,Department of Natural Science [Chemistry]
Mst. Tasnim Pervin,tasnim.pervin@aiub.edu,DS0601,DS0601,D - Building,Lecturer (On Study Leave),Department of Computer Science
Dr. Muhammad Firoz Mridha,firoz.mridha@aiub.edu,1122 (OR),1122,Annex - 1,Professor,Department of Computer Science
K. M. Imtiaz-Ud-Din,k.m.imtiaz@aiub.edu,DN0613,DN0613,D - Building,Assistant Professor,Department of Computer Science
Israt Jahan Mouri,israt.mouri@aiub.edu,DN0124,DN0124,D - Building,Assistant Professor (On Leave),Department of Computer Science
Dr. Md. Mozahar Ali,mozahar.ali@aiub.edu,DN-0720,DN0720,D - Building,Associate Professor,Department of Natural Science [Physics]
Methila Farzana Woishe,woishe@aiub.edu,DS0601E,DS0601E,D - Building,Lecturer (On Maternity Leave),Department of Computer Science
Syma Kamal Chaity,chaity@aiub.edu,9408D,9408D,D - Building,Lecturer,Department of Computer Science
Nyme Ahmed,nyme.ahmed@aiub.edu,DN0123,DN0123,D - Building,Lecturer,Department of Computer Science
Rifat Ibn Alam,rifat.alam@aiub.edu,DN0127A,DN0127A,D - Building,Lecturer (On Study Leave),Department of Computer Science
Syed Nafiul Shefat,nafiul.shefat@aiub.edu,DN0122,DN0122,D - Building,Lecturer,Department of Computer Science
S M Abdullah Shafi,shafi@aiub.edu,9508B,9508B,Annex - 9,Lecturer,Department of Computer Science
Dr. Md Iftekharul Mobin,iftekhar.mobin@aiub.edu,9508G,9508G,D - Building,Assistant Professor,Department of Computer Science
Dr. Mohammad Rabiul Islam,rabiul.islam@aiub.edu,DN0217,DN0217,D - Building,Assistant Professor,Department of Computer Science
Shakila Rahman,shakila.rahman@aiub.edu,DN0126,DN0126,D - Building,Lecturer,Department of Computer Science
Angkita Mistry Tama,angkitatama@aiub.edu,DN-0717,DN0717,D - Building,Lecturer,Department of Natural Science [Physics]
Dr. Md. Sarowar Hossain,sakil_phy@aiub.edu,DN0826,DN0826,D - Building,Assistant Professor,Department of Natural Science [Physics]
Md. Hafijur Rahman,hafij@aiub.edu,DS0301F,DS0301F,D - Building,Lecturer (On Study Leave),Department of Mathematics
Dr. Jannatul Fardus,jannatul.fardus@aiub.edu,DN0723,DN0723,D - Building,Assistant Professor,Department of Mathematics
Md Moman Ul Haque Khan,moman.khan@aiub.edu,,,,Lecturer (On Study Leave),Department of Computer Science
Sirajum Munira Shifat,munirasirajum@aiub.edu,DN0120,DN0120,D - Building,Lecturer,Department of Computer Science
Jubayer Ahamed,jubayer@aiub.edu,DN0622,DN0622,D - Building,Lecturer,Department of Computer Science
Noboranjan Dey,noboranjan@aiub.edu,DN0624,DN0624,D - Building,Lecturer,Department of Computer Science
Dr. Razuan Karim,rkarim@aiub.edu,DN0220,DN0220,D - Building,Associate Professor,Department of Computer Science
Dr. Jyotish Chandra Debnath,dr.debnath@aiub.edu,DN0714,DN0714,D - Building,Associate Professor,Department of Natural Science [Physics]
Samira Salam,samira.salam@aiub.edu,9510F,9510F,D - Building,Lecturer,Department of Mathematics
Dr. Salaika Parvin,skparvin@aiub.edu,DN0925,DN0925,D - Building,Assistant Professor,Department of Mathematics
Md. Mehedi Hasan,md.hasan@aiub.edu,9510(B),9510,Annex - 9,Lecturer,Department of Mathematics
Md. Fayz-Al- Asad,fayz.math@aiub.edu,DN0527D,DN0527D,D - Building,Lecturer,Department of Mathematics
Dr. Jahida Binte Islam,dr.jbislam@aiub.edu,DN0725,DN0725,D - Building,Assistant Professor,Department of Natural Science [Chemistry]
Dr. Abdullah Al Nahid,dr.anahid@aiub.edu,DN0118,DN0118,D - Building,Assistant Professor,Department of Natural Science [Chemistry]
Dr. Sharmin Jahan,sharmin.phy@aiub.edu,DN0716,DN0716,D - Building,Assistant Professor,Department of Natural Science [Physics]
Tonny Shekha Kar,tonny.kar@aiub.edu,DN 0720,DN0720,D - Building,Assistant Professor,Department of Computer Science
Dr. Firoz Ahmed,fahmed@aiub.edu,DN0715,DN0715,D - Building,Professor,Department of Computer Science
Aminun Nahar,aminun.nahar@aiub.edu,9408F,9408F,Annex - 9,Assistant Professor,Department of Computer Science
Dr. Samiya Mahjabin,samiya.mahjabin@aiub.edu,DN0726,DN0726,D - Building,Assistant Professor,Department of Natural Science [Physics]
Mst. Ummay Sumaya,ummay.sumaya@aiub.edu,DN0827B,DN0827B,D - Building,Lecturer,Department of Natural Science [Physics]
Md. Ariful Islam,ariful@aiub.edu,DS0201F,DS0201F,D - Building,Lecturer,Department of Computer Science
Nuzhat Tabassum,nuzhat.tabassum@aiub.edu,DN0619,DN0619,D - Building,Assistant Professor,Department of Computer Science
Dr. Rajarshi Roy Chowdhury,rajarshi@aiub.edu,9408B,9408B,Annex - 9,Assistant Professor,Department of Computer Science
Tamanna Zaman Bristy,tamannabristy@aiub.edu,,,,Lecturer,Department of Computer Science
Shaikat Das Joy,skdas@aiub.edu,DN0224,DN0224,D - Building,Lecturer,Department of Computer Science
Saikat Baul,saikatbaul@aiub.edu,DN0623,DN0623,D - Building,Lecturer,Department of Computer Science
Syeda Asrafa Islam,syeda.asrafa@aiub.edu,DE0701H,DE0701H,D - Building,Lecturer,Department of Computer Science
Md. Rifat,rifat.m@aiub.edu,DN0127A,DN0127A,D - Building,Lecturer,Department of Computer Science
Tofayet Sultan,tofayet@aiub.edu,DE0701I,DE0701I,D - Building,Lecturer,Department of Computer Science
Md. Khairul Alam Mazumder,khairul@aiub.edu,DE0701D,DE0701D,D - Building,Lecturer,Department of Computer Science
Samiha Islam Abrita,abrita@aiub.edu,DN0126,DN0126,D - Building,Lecturer,Department of Computer Science
Md. Majibul Hassan Imran,imran.math@aiub.edu,9410B,9410B,Annex - 9,Lecturer,Department of Mathematics
Umma Kulsum,umma.kulsum@aiub.edu,9410C,9410C,Annex - 9,Lecturer,Department of Mathematics
Afnan Rashid Tushar,afnan.rashid@aiub.edu,9510D,9510D,Annex - 9,Lecturer,Department of Mathematics
Md. Rifat Hasan Rubel,rifat.rubel@aiub.edu,9410A,9410A,Annex - 9,Lecturer,Department of Mathematics
Mahmudul Hasan,mahmudul@aiub.edu,DN0227B,DN0227B,D - Building,Lecturer,Department of Computer Science
Sazia Sharmin,sazia.sharmin@aiub.edu,DN0225,DN0225,D - Building,Lecturer,Department of Computer Science
Md. Mustak Un Nobi,mustak.nobi@aiub.edu,DN0615,DN0615,D - Building,Lecturer,Department of Computer Science
Nusrat Jahan Trisna,nusrat.trisna@aiub.edu,DN090910,DN090910,D - Building,Lecturer,Department of Computer Science
Rahnuma Tasmin,tasmin@aiub.edu,DN226,DN226,D - Building,Assistant Professor,Department of Computer Science
Md. Sazid Uddin,sazid.uddin@aiub.edu,DN0227C,DN0227C,D - Building,Lecturer,Department of Computer Science
Dr. Nazib Abdun Nasir,nazib.nasir@aiub.edu,D-724,D724,D - Building,Assistant Professor,Department of Computer Science
Zinniya Taffannum Pritee,zinniya.pritee@aiub.edu,DN091007,DN091007,D - Building,Lecturer,Department of Computer Science
Dr. Md. Ashaduzzaman,ashad@aiub.edu,DN0418,DN0418,D - Building,Assistant Professor,Department of Natural Science [Physics]
Pratyya Ghosh,pratyya.ghosh@aiub.edu,9510C,9510C,Annex - 9,Lecturer,Department of Mathematics
Mahmud Hasan,mahmudhasan@aiub.edu,9510A,9510A,Annex - 9,Lecturer,Department of Mathematics
Wahidul Alam Riyad,wahid.riyad@aiub.edu,DS0601E,DS0601E,D - Building,Lecturer,Department of Computer Science
Sultanul Arifeen Hamim,hamim@aiub.edu,DN0227D,DN0227D,D - Building,Lecturer,Department of Computer Science
Rifat Al Mamun Rudro,mamun.rudro@aiub.edu,DN0227A,DN0227A,D - Building,Lecturer,Department of Computer Science
Mehedi Hasan,mehedi.cs@aiub.edu,DS0601B,DS0601B,D - Building,Lecturer,Department of Computer Science
Dr. Muhammad Hasibur Rashid Chayon,chayon@aiub.edu,DN 0216,DN0216,D - Building,Associate Professor,Department of Computer Science
Fahad Khandoker,fahad.khandoker@aiub.edu,DS0501F,DS0501F,D - Building,Lecturer,Department of Computer Science
Shandipan Paul,shandipan@aiub.edu,DS0501E,DS0501E,D - Building,Lecturer,Department of Computer Science
Md. Abdullah All Mahmud,mahmud.abdullah@aiub.edu,DN0527C,DN0527C,D - Building,Lecturer,Department of Computer Science
Mirza Asif Mahmud,mirza.asif@aiub.edu,DN0527A,DN0527A,D - Building,Lecturer,Department of Computer Science
Faria Sultana,faria.sultana@aiub.edu,DS0501A,DS0501A,D - Building,Lecturer,Department of Computer Science
Kamrun Naher Koli,kkoli@aiub.edu,,,,Lecturer,Department of Computer Science
Farhan Bin Faisal,farhan.faisal@aiub.edu,DN0223,DN0223,D - Building,Lecturer,Department of Computer Science
Md Sadik Tasrif Anubhove,sadik.tasrif@aiub.edu,9310L,9310L,Annex - 9,Lecturer,Department of Computer Science
Sadman Rafi,sadman.rafi@aiub.edu,,,,Lecturer,Department of Computer Science
Sanjida Afroz Shimu,sanjida.shimu@aiub.edu,9310B,9310B,Annex - 9,Lecturer,Department of Computer Science
Md. Hamid Uddin,hamid.uddin@aiub.edu,9310M,9310M,Annex - 9,Lecturer,Department of Computer Science
Dr. Mousumi Bala,mousumi.bala@aiub.edu,,,,Assistant Professor,Department of Computer Science
Md. Tanzeem Rahat,tanzeem.rahat@aiub.edu,6101,6101,Annex - 6,Lecturer,Department of Computer Science
Zishan Ahmed Onik,zishan.onik@aiub.edu,9310E,9310E,Annex - 9,Lecturer,Department of Computer Science
Dr. Faiz Al Faisal,faiz.faisal@aiub.edu,DN0115,DN0115,D - Building,Associate Professor,Department of Computer Science
Al Jubair Hossain,jubair.hossain@aiub.edu,9310F,9310F,Annex - 9,Lecturer,Department of Computer Science
Arjun Kumar Bose Arnob,arnob@aiub.edu,9310G,9310G,Annex - 9,Lecturer,Department of Computer Science
Kazi Asif Ahmed,kazi.asif@aiub.edu,9310H,9310H,Annex - 9,Senior Lecturer,Department of Computer Science
Md Samiul Islam,samiul.islam@aiub.edu,9310I,9310I,Annex - 9,Assistant Professor,Department of Computer Science
Tanvir Ahmed,tanvirahmed@aiub.edu,DN0927C,DN0927C,D - Building,Lecturer,Department of Computer Science
Mejbah Ahammad,ahammadmejbah@aiub.edu,DN0922,DN0922,D - Building,Lecturer,Department of Computer Science
Dr. Mohammad Nazmul Alam,nazmul.alam@aiub.edu,DN0221,DN0221,D - Building,Assistant Professor,Department of Computer Science
Mubasshar-Ul-Ishraq Tamim,mubasshar@aiub.edu,9310C,9310C,Annex - 9,Lecturer,Department of Computer Science
Mahamodul Hasan Mahadi,mahamodul@aiub.edu,9310A,9310A,Annex - 9,Lecturer,Department of Computer Science
Md. Kamrul Islam,mdkamrul.islam@aiub.edu,9210K,9210K,Annex - 9,Lecturer,Department of Computer Science
Romona Magdalene Sarkar,romona.sarkar@aiub.edu,9310N,9310N,Annex - 9,Lecturer,Department of Computer Science
Riya Basak Risha,riya.basak@aiub.edu,DN0127C,DN0127C,D - Building,Lecturer,Department of Computer Science
Sourav Akib Sarkar,sourav.sarkar@aiub.edu,DN0222,DN0222,D Building - Annex,Lecturer,Department of Computer Science
Jamin Rahman Jim,jamin.jim@aiub.edu,9310J,9310J,Annex - 9,Lecturer,Department of Computer Science
Md. Naimur Islam,naimur.islam@aiub.edu,DS0601F,DS0601F,D - Building,Lecturer,Department of Computer Science
