term,mentions,faculty_using_it
learning,77,76
deep,76,76
intelligence,84,75
artificial,65,65
processing,68,53
data,67,46
computer,43,40
natural,38,38
vision,37,36
things,34,34
internet,34,34
language,32,32
networks,34,29
big,30,28
image,27,25
analytics,25,24
systems,29,23
machine,40,21
algorithms,21,20
smart,30,20
blockchain,20,20
software,66,19
neural,18,18
materials,24,17
bioinformatics,17,17
mining,17,17
business,17,17
nanotechnology,20,15
security,18,15
environments,20,15
computing,19,15
wireless,19,14
imaging,14,14
medical,14,14
mobile,16,13
network,14,13
chemistry,24,12
sensor,12,12
fabrication,12,12
networking,11,11
cities,10,10
energy,13,10
polymer,11,9
other,9,9
communication,10,9
education,8,8
training,8,8
methodologies,8,8
processes,8,8
platforms,10,8
nanotechnologies,8,8
recommendation,8,8
quality,7,7
assurance,7,7
storage,7,7
environmental,10,7
nano,8,7
architectures,7,7
evolution,6,6
maintenance,6,6
