name,email,room
MD. ANWARUL KABIR,kabir@aiub.edu,DNO -216
MASHIOUR RAHMAN,mashiour@aiub.edu,DNGA05
SALMA BEGOM,salma@aiub.edu,817
DR. MOHAMMED JASHIM UDDIN,drjashim@aiub.edu,1122
PROF. DR. KH. ABDUL MALEQUE,maleque@aiub.edu,DN0915
DR. SARFUDDIN AHMED TAREK,satarek@aiub.edu,DN0722
DR. AFROZA NAHAR,afroza@aiub.edu,DN0113
DR. S. A. M. MANZUR H. KHAN,manzur@aiub.edu,C
DR. FARZANA SABETH,fsabeth@aiub.edu,DN0721
DR. S. MOSADDEQ AHMED,smahmed@aiub.edu,DN0816
DANILO G. MORGIA,danny@aiub.edu,VUES
DR. REZAUL K. SIDDIQUE,siddiquerk@aiub.edu,827
PROF. DR. DIP NANDI,dip.nandi@aiub.edu,
MD. MANIRUL ISLAM,manirul@aiub.edu,6104
DR. MD. SAIFUL ISLAM,sislam@aiub.edu,DN0825
DR. MD. HABIB ULLAH,habib583@aiub.edu,DN0819
DR. MADHABI ISLAM,drmadhabi@aiub.edu,DN0927E
DR. NUSRAT JAHAN,njahan@aiub.edu,9410F
DR. NAHAR SULTANA,nahar@aiub.edu,DN0116
DR. ABHIJIT BHOWMIK,abhijit@aiub.edu,DNGA11
PROF. DR. MD. RAFIQUL ISLAM,dmri@aiub.edu,DN215
DR. FATEMA TUZ ZOHRA,fatema@aiub.edu,0917
DR. HUMAYRA FERDOUS,hferdous@aiub.edu,DN0813
TANZIA ZERIN KHAN,tanzia@aiub.edu,DN0919
A.G.M. ZAMAN,agmzaman@aiub.edu,1122
PRODIP KUMAR GHOSE,prodip@aiub.edu,DN0920
REZWAN AHMED,a.rezwan@aiub.edu,615
AYESHA SIDDIQUA,ayesha.siddiqua@aiub.edu,DN0924
DR. MAHFUZA KHATUN,mahfuza@aiub.edu,DN0914
DR. KHANDAKER TABIN HASAN,tabin@aiub.edu,1124
DR. AFSAH SHARMIN,afsah@aiub.edu,118
DR. ABDUS SALAM,abdus.salam@aiub.edu,9508I
RUTABA JANIA,rutaba@aiub.edu,DN0713
SHARFUDDIN MAHMOOD,smahmood@aiub.edu,DNGA12
DR. MD. SAEF ULLAH MIAH,saef@aiub.edu,6101
MD. MAHFUZUR RHAMAN,mmrhaman@aiub.edu,DN0922
DR. MD. NURUL KABIR BHUIYAN,bhuiyan@aiub.edu,DN0818
DR. M. MOSTAFIZUR RAHMAN,mostafiz.math@aiub.edu,DN0913
SHAHRIN CHOWDHURY,shahrin@aiub.edu,
TOHEDUL ISLAM,islamtohedul@aiub.edu,DNO121
DR. MOHAMMAD TARIQUL ISLAM,tariquldu@aiub.edu,DN0820
MOHAMMAD SAMAWAT ULLAH,samawat@aiub.edu,D316
DR. MD. MANZURUL HASAN,manzurul@aiub.edu,DN0221
DR. MOHAMMAD MAHMUDUL HASAN,m.hasan@aiub.edu,1122
DR. MOHAMMAD MAHBUB RABBANI,mmrabbani@aiub.edu,DN0814
MD. MORTUZA AHMMED,mortuza@aiub.edu,D0913
MD. HASIBUL HASAN,hasib.hasan@aiub.edu,Dn0117
DR. AKINUL ISLAM JONY,akinul@aiub.edu,DNGA03
VICTOR STANY ROZARIO,stany@aiub.edu,DNGA02
KAWSER IROM RUSHEE,rushee@aiub.edu,DN0217
ROUSHANARA BEGUM,roushan.begum@aiub.edu,DN0718
JUENA AHMED NOSHIN,juena@aiub.edu,DN0616
MOHAIMEN- BIN- NOOR,mohaimen.niloy@aiub.edu,DNGA01
ZAHIDUDDIN AHMED,zahid@aiub.edu,DN0124
MD. AL-AMIN,alamin@aiub.edu,DN109
SIFAT RAHMAN AHONA,ahona@aiub.edu,D0618
MD. ASIFUL ISLAM,asiful.islam@aiub.edu,
BITHI PAUL,bithi.paul@aiub.edu,DSO827C
DR. MD. ABDULLAH - AL - JUBAIR,abdullah@aiub.edu,DNGA04
RIFAT TASNIM ANANNYA,rifat.tasnim@aiub.edu,DN0218
KHADIZA AKTER MITU,khadiza@aiub.edu,9510E
ASMA FARIHA,asma.fariha@aiub.edu,
DR. FARZANA KHALIL,farzana.khalil@aiub.edu,DNO815
DR. ASHRAF UDDIN,dr.ashraf@aiub.edu,9408I
WARDAH SALEH,wardah@aiub.edu,DN0624
FAHMIDA ALAM,fahmida@aiub.edu,
FARZANA BENTE ALAM,farzana.alam@aiub.edu,DS0614
MD. KISHOR MOROL,kishor@aiub.edu,DN0222
ZASMIN HAQUE,zasmin@aiub.edu,DN0921
TANVIR AHMED,tanvir.ahmed@aiub.edu,DNGA09
ANEEM AL AHSAN RUPAI,aneem@aiub.edu,9408E
SAZZAD HOSSAIN,sazzad@aiub.edu,DN0219
SUPTA RICHARD PHILIP,richard@aiub.edu,DN0626
DIPTA JUSTIN GOMES,diptagomes@aiub.edu,9408G
MD. SIYAMUL ISLAM,siyamul@aiub.edu,DN0221
DR. MD MEHEDI HASAN,mmhasan@aiub.edu,DN0213
MD. MEHEDI HASSAN ONIK,mehedi.onik@aiub.edu,DN0220
NAZMUS SAKIB SHAN,shan@aiub.edu,DN 625
RASHIDUL HASAN NABIL,rashidul@aiub.edu,DN0623
MD. NAZMUL HOSSAIN,nazmul@aiub.edu,DN0621
MIR MD. KAWSUR,kawsur@aiub.edu,DN0617
RIFATH MAHMUD,rifath.mahmud@aiub.edu,DNGA07
KAZI SADIA,kazi.sadia@aiub.edu,9508C
SYEDA ANIKA TASNIM,anika.tasnim@aiub.edu,9508D
MD. ISMAIL HOSSEN,ismail.hossen@aiub.edu,DN0218
DR. SHOVAN KUMAR KUNDU,shovan.kundu@aiub.edu,DN0824
DR. MAHJABIN TASKIN,mtaskin@aiub.edu,DN0823
DR. DILRUBA YASMIN,dilruba.yasmin@aiub.edu,DN0918
MAHFUJUR RAHMAN,mahfuj@aiub.edu,9508H
DR. KAMRUDDIN MD. NUR,kamruddin@aiub.edu,D0114
NAZIA ALFAZ,nazia.alfaz@aiub.edu,9508F
MD. MAZID-UL-HAQUE,mazid@aiub.edu,9408A
DR. M M MANJURUL ISLAM,manjurul@aiub.edu,
DR. HOSSAIN MD. SHAKHAWAT,shakhawat@aiub.edu,614
ANJIR AHMED CHOWDHURY,anjir@aiub.edu,DN0227
ARGHO DAS,argho@aiub.edu,127 D
MD SAJID BIN-FAISAL,sajid@aiub.edu,9508E
DR. MOHAMMAD ANISUR RAHMAN JAMIL,anisur.jamil@aiub.edu,DN0821
DR. SAIFUL ISLAM,saiful@aiub.edu,DN0822
MST. TASNIM PERVIN,tasnim.pervin@aiub.edu,DS0601
DR. MUHAMMAD FIROZ MRIDHA,firoz.mridha@aiub.edu,1122 (OR)
K. M. IMTIAZ-UD-DIN,k.m.imtiaz@aiub.edu,DN0613
ISRAT JAHAN MOURI,israt.mouri@aiub.edu,DN0124
DR. MD. MOZAHAR ALI,mozahar.ali@aiub.edu,DN-0720
METHILA FARZANA WOISHE,woishe@aiub.edu,DS0601E
SYMA KAMAL CHAITY,chaity@aiub.edu,9408D
NYME AHMED,nyme.ahmed@aiub.edu,DN0123
RIFAT IBN ALAM,rifat.alam@aiub.edu,DN0127A
SYED NAFIUL SHEFAT,nafiul.shefat@aiub.edu,DN0122
S M ABDULLAH SHAFI,shafi@aiub.edu,9508B
DR. MD IFTEKHARUL MOBIN,iftekhar.mobin@aiub.edu,9508G
DR. MOHAMMAD RABIUL ISLAM,rabiul.islam@aiub.edu,DN0217
SHAKILA RAHMAN,Shakila.Rahman@aiub.edu,DN0126
ANGKITA MISTRY TAMA,angkitatama@aiub.edu,DN-0717
DR. MD. SAROWAR HOSSAIN,sakil_phy@aiub.edu,DN0826
MD. HAFIJUR RAHMAN,hafij@aiub.edu,DS0301F
DR. JANNATUL FARDUS,jannatul.fardus@aiub.edu,DN0723
MD MOMAN UL HAQUE KHAN,moman.khan@aiub.edu,
SIRAJUM MUNIRA SHIFAT,munirasirajum@aiub.edu,DN0120
JUBAYER AHAMED,jubayer@aiub.edu,DN0622
NOBORANJAN DEY,noboranjan@aiub.edu,DN0624
DR. RAZUAN KARIM,rkarim@aiub.edu,DN0220
DR. JYOTISH CHANDRA DEBNATH,dr.debnath@aiub.edu,DN0714
SAMIRA SALAM,samira.salam@aiub.edu,9510F
DR. SALAIKA PARVIN,skparvin@aiub.edu,DN0925
MD. MEHEDI HASAN,md.hasan@aiub.edu,9510(B)
MD. FAYZ-AL- ASAD,fayz.math@aiub.edu,DN0527D
DR. JAHIDA BINTE ISLAM,dr.jbislam@aiub.edu,DN0725
DR. ABDULLAH AL NAHID,dr.anahid@aiub.edu,DN0118
DR. SHARMIN JAHAN,sharmin.phy@aiub.edu,DN0716
TONNY SHEKHA KAR,tonny.kar@aiub.edu,DN 0720
DR. FIROZ AHMED,fahmed@aiub.edu,DN0715
AMINUN NAHAR,aminun.nahar@aiub.edu,9408F
DR. SAMIYA MAHJABIN,samiya.mahjabin@aiub.edu,DN0726
MST. UMMAY SUMAYA,ummay.sumaya@aiub.edu,DN0827B
MD. ARIFUL ISLAM,ariful@aiub.edu,DS0201F
NUZHAT TABASSUM,nuzhat.tabassum@aiub.edu,DN0619
DR. RAJARSHI ROY CHOWDHURY,rajarshi@aiub.edu,9408B
TAMANNA ZAMAN BRISTY,tamannabristy@aiub.edu,
SHAIKAT DAS JOY,skdas@aiub.edu,DN0224
SAIKAT BAUL,saikatbaul@aiub.edu,DN0623
SYEDA ASRAFA ISLAM,syeda.asrafa@aiub.edu,DE0701H
MD. RIFAT,rifat.m@aiub.edu,DN0127A
TOFAYET SULTAN,tofayet@aiub.edu,DE0701I
MD. KHAIRUL ALAM MAZUMDER,khairul@aiub.edu,DE0701D
SAMIHA ISLAM ABRITA,abrita@aiub.edu,DN0126
MD. MAJIBUL HASSAN IMRAN,imran.math@aiub.edu,9410B
UMMA KULSUM,umma.kulsum@aiub.edu,9410C
AFNAN RASHID TUSHAR,afnan.rashid@aiub.edu,9510D
MD. RIFAT HASAN RUBEL,rifat.rubel@aiub.edu,9410A
MAHMUDUL HASAN,mahmudul@aiub.edu,DN0227B
SAZIA SHARMIN,sazia.sharmin@aiub.edu,DN0225
MD. MUSTAK UN NOBI,mustak.nobi@aiub.edu,DN0615
NUSRAT JAHAN TRISNA,nusrat.trisna@aiub.edu,DN090910
RAHNUMA TASMIN,tasmin@aiub.edu,DN226
MD. SAZID UDDIN,sazid.uddin@aiub.edu,DN0227C
DR. NAZIB ABDUN NASIR,nazib.nasir@aiub.edu,D-724
ZINNIYA TAFFANNUM PRITEE,zinniya.pritee@aiub.edu,DN091007
DR. MD. ASHADUZZAMAN,ashad@aiub.edu,DN0418
PRATYYA GHOSH,pratyya.ghosh@aiub.edu,9510C
MAHMUD HASAN,mahmudhasan@aiub.edu,9510A
WAHIDUL ALAM RIYAD,wahid.riyad@aiub.edu,DS0601E
SULTANUL ARIFEEN HAMIM,hamim@aiub.edu,DN0227D
RIFAT AL MAMUN RUDRO,mamun.rudro@aiub.edu,DN0227A
MEHEDI HASAN,mehedi.cs@aiub.edu,DS0601B
DR. MUHAMMAD HASIBUR RASHID CHAYON,chayon@aiub.edu,DN 0216
FAHAD KHANDOKER,fahad.khandoker@aiub.edu,DS0501F
SHANDIPAN PAUL,shandipan@aiub.edu,DS0501E
MD. ABDULLAH ALL MAHMUD,mahmud.abdullah@aiub.edu,DN0527C
MIRZA ASIF MAHMUD,mirza.asif@aiub.edu,DN0527A
FARIA SULTANA,faria.sultana@aiub.edu,DS0501A
KAMRUN NAHER KOLI,kkoli@aiub.edu,
FARHAN BIN FAISAL,farhan.faisal@aiub.edu,DN0223
MD SADIK TASRIF ANUBHOVE,sadik.tasrif@aiub.edu,9310L
SADMAN RAFI,sadman.rafi@aiub.edu,
SANJIDA AFROZ SHIMU,sanjida.shimu@aiub.edu,9310B
MD. HAMID UDDIN,hamid.uddin@aiub.edu,9310M
DR. MOUSUMI BALA,mousumi.bala@aiub.edu,
MD. TANZEEM RAHAT,tanzeem.rahat@aiub.edu,6101
ZISHAN AHMED ONIK,zishan.onik@aiub.edu,9310E
DR. FAIZ AL FAISAL,faiz.faisal@aiub.edu,DN0115
AL JUBAIR HOSSAIN,jubair.hossain@aiub.edu,9310F
ARJUN KUMAR BOSE ARNOB,arnob@aiub.edu,9310G
KAZI ASIF AHMED,kazi.asif@aiub.edu,9310H
MD SAMIUL ISLAM,samiul.islam@aiub.edu,9310I
TANVIR AHMED,tanvirahmed@aiub.edu,DN0927C
MEJBAH AHAMMAD,ahammadmejbah@aiub.edu,DN0922
DR. MOHAMMAD NAZMUL ALAM,nazmul.alam@aiub.edu,DN0221
MUBASSHAR-UL-ISHRAQ TAMIM,mubasshar@aiub.edu,9310C
MAHAMODUL HASAN MAHADI,mahamodul@aiub.edu,9310A
MD. KAMRUL ISLAM,mdkamrul.islam@aiub.edu,9210K
ROMONA MAGDALENE SARKAR,romona.sarkar@aiub.edu,9310N
RIYA BASAK RISHA,riya.basak@aiub.edu,DN0127C
SOURAV AKIB SARKAR,sourav.sarkar@aiub.edu,DN0222
JAMIN RAHMAN JIM,jamin.jim@aiub.edu,9310J
MD. NAIMUR ISLAM,naimur.islam@aiub.edu,DS0601F
